Workbook
Name Attendance: #REF!
Name Attendance: #REF!
Name Attendance: #REF!
Name dd: #REF!
Name dd: #REF!
Name dd: #REF!
Name Designation: #REF!
Name Designation: #REF!
Name Designation: #REF!
Name Shift: #REF!
Name Shift: #REF!
Name Shift: #REF!
Name Wagoli: #REF!
Name Wagoli: #REF!
Name Wagoli: #REF!
Name xts: #REF!
Name xts: #REF!
Name xts: #REF!

Sheet Template File
A1: Company name: | F1: HouseKeeping Attendance | Z1: Vendor name:
A2: Viman Nagar | G2: =F1 & " for the month" -> HouseKeeping Attendance for the month | U2: 46054 | Y2: Manpower Solution Pvt Ltd
A3: DAY | C3: 24 | F3: =IFERROR(TEXT(F4,"ddd"), "") -> Sun | G3: =IFERROR(TEXT(G4,"ddd"), "") -> Mon | H3: =IFERROR(TEXT(H4,"ddd"), "") -> Tue | I3: =IFERROR(TEXT(I4,"ddd"), "") -> Wed | J3: =IFERROR(TEXT(J4,"ddd"), "") -> Thu | K3: =IFERROR(TEXT(K4,"ddd"), "") -> Fri | L3: =IFERROR(TEXT(L4,"ddd"), "") -> Sat | M3: =IFERROR(TEXT(M4,"ddd"), "") -> Sun | ... AJ3: =IFERROR(TEXT(AJ4,"ddd"), "") | AQ3: 8
A4: Sr .No | B4: Vendor Name | C4: Employee Name | D4: Designation | E4: Per Day | F4: =U2 -> 46054 | G4: =IFERROR(IF(MONTH(F4+1)=MONTH(F4), F4+1, ""), "") -> 46055 | H4: =IFERROR(IF(MONTH(G4+1)=MONTH(G4), G4+1, ""), "") -> 46056 | I4: =IFERROR(IF(MONTH(H4+1)=MONTH(H4), H4+1, ""), "") -> 46057 | J4: =IFERROR(IF(MONTH(I4+1)=MONTH(I4), I4+1, ""), "") -> 46058 | K4: =IFERROR(IF(MONTH(J4+1)=MONTH(J4), J4+1, ""), "") -> 46059 | L4: =IFERROR(IF(MONTH(K4+1)=MONTH(K4), K4+1, ""), "") -> 46060 | M4: =IFERROR(IF(MONTH(L4+1)=MONTH(L4), L4+1, ""), "") -> 46061 | N4: =IFERROR(IF(MONTH(M4+1)=MONTH(M4), M4+1, ""), "") -> 46062 | ... AJ4: =IFERROR(IF(MONTH(AI4+1)=MONTH(AI4), AI4+1, ""), "") | AK4: Present | AL4: Absent | AM4: WO | AN4: HD | AO4: Total Day [P+W/O+HD] | AP4: OT Hours | AQ4: OT Days | AR4: Total Working Days | AS4: Total Amount | AT4: Remark
A5: 1 | B5: Manpower Solution Pvt Ltd | D5: HK | E5: =IFERROR(VLOOKUP(D5,'Sheet Tool'!$B$3:$C$15,2,0)/$C$3,"") -> 782.21458 | AK5: =COUNTIF(F5:AJ5,"P*") -> 0 | AL5: =COUNTIF(F5:AJ5,"A") -> 0 | AM5: =COUNTIF(F5:AJ5,"WO") -> 0 | AN5: =COUNTIF(F5:AJ5,"HD") -> 0 | AO5: =AK5+AN5 -> 0 | AP5: =(COUNTIF(F5:AJ5,"P1")*1)+(COUNTIF(F5:AJ5,"P2")*2)+(COUNTIF(F5:AJ5,"P3")*3)+(COUNTIF(F5:AJ5,"P4")*4)+(COUNTIF(F5:AJ5,"P5")*5)+(COUNTIF(F5:AJ5,"P6")*6)+(COUNTIF(F5:AJ5,"P7")*7)+(COUNTIF(F5:AJ5,"P8")*8) -> 0 | AQ5: =AP5/$AQ$3 -> 0 | AR5: =AO5+AQ5 -> 0 | AS5: =IFERROR(AR5*E5, "") -> 0
A6: 2 | B6: Manpower Solution Pvt Ltd | D6: CM | E6: =IFERROR(VLOOKUP(D6,'Sheet Tool'!$B$3:$C$15,2,0)/$C$3,"") -> 782.21458 | AK6: =COUNTIF(F6:AJ6,"P*") -> 0 | AL6: =COUNTIF(F6:AJ6,"A") -> 0 | AM6: =COUNTIF(F6:AJ6,"WO") -> 0 | AN6: =COUNTIF(F6:AJ6,"HD") -> 0 | AO6: =AK6+AN6 -> 0 | AP6: =(COUNTIF(F6:AJ6,"P1")*1)+(COUNTIF(F6:AJ6,"P2")*2)+(COUNTIF(F6:AJ6,"P3")*3)+(COUNTIF(F6:AJ6,"P4")*4)+(COUNTIF(F6:AJ6,"P5")*5)+(COUNTIF(F6:AJ6,"P6")*6)+(COUNTIF(F6:AJ6,"P7")*7)+(COUNTIF(F6:AJ6,"P8")*8) -> 0 | AQ6: =AP6/$AQ$3 -> 0 | AR6: =AO6+AQ6 -> 0 | AS6: =IFERROR(AR6*E6, "") -> 0
A7: 3 | B7: Manpower Solution Pvt Ltd | D7: CM | E7: =IFERROR(VLOOKUP(D7,'Sheet Tool'!$B$3:$C$15,2,0)/$C$3,"") -> 782.21458 | AK7: =COUNTIF(F7:AJ7,"P*") -> 0 | AL7: =COUNTIF(F7:AJ7,"A") -> 0 | AM7: =COUNTIF(F7:AJ7,"WO") -> 0 | AN7: =COUNTIF(F7:AJ7,"HD") -> 0 | AO7: =AK7+AN7 -> 0 | AP7: =(COUNTIF(F7:AJ7,"P1")*1)+(COUNTIF(F7:AJ7,"P2")*2)+(COUNTIF(F7:AJ7,"P3")*3)+(COUNTIF(F7:AJ7,"P4")*4)+(COUNTIF(F7:AJ7,"P5")*5)+(COUNTIF(F7:AJ7,"P6")*6)+(COUNTIF(F7:AJ7,"P7")*7)+(COUNTIF(F7:AJ7,"P8")*8) -> 0 | AQ7: =AP7/$AQ$3 -> 0 | AR7: =AO7+AQ7 -> 0 | AS7: =IFERROR(AR7*E7, "") -> 0
A8: 4 | B8: Manpower Solution Pvt Ltd | D8: Pantry Boy | E8: =IFERROR(VLOOKUP(D8,'Sheet Tool'!$B$3:$C$15,2,0)/$C$3,"") -> 800.04667 | AK8: =COUNTIF(F8:AJ8,"P*") -> 0 | AL8: =COUNTIF(F8:AJ8,"A") -> 0 | AM8: =COUNTIF(F8:AJ8,"WO") -> 0 | AN8: =COUNTIF(F8:AJ8,"HD") -> 0 | AO8: =AK8+AN8 -> 0 | AP8: =(COUNTIF(F8:AJ8,"P1")*1)+(COUNTIF(F8:AJ8,"P2")*2)+(COUNTIF(F8:AJ8,"P3")*3)+(COUNTIF(F8:AJ8,"P4")*4)+(COUNTIF(F8:AJ8,"P5")*5)+(COUNTIF(F8:AJ8,"P6")*6)+(COUNTIF(F8:AJ8,"P7")*7)+(COUNTIF(F8:AJ8,"P8")*8) -> 0 | AQ8: =AP8/$AQ$3 -> 0 | AR8: =AO8+AQ8 -> 0 | AS8: =IFERROR(AR8*E8, "") -> 0
A9: 5 | B9: Manpower Solution Pvt Ltd | D9: Supervisor | E9: =IFERROR(VLOOKUP(D9,'Sheet Tool'!$B$3:$C$15,2,0)/$C$3,"") -> 855.58333 | AK9: =COUNTIF(F9:AJ9,"P*") -> 0 | AL9: =COUNTIF(F9:AJ9,"A") -> 0 | AM9: =COUNTIF(F9:AJ9,"WO") -> 0 | AN9: =COUNTIF(F9:AJ9,"HD") -> 0 | AO9: =AK9+AN9 -> 0 | AP9: =(COUNTIF(F9:AJ9,"P1")*1)+(COUNTIF(F9:AJ9,"P2")*2)+(COUNTIF(F9:AJ9,"P3")*3)+(COUNTIF(F9:AJ9,"P4")*4)+(COUNTIF(F9:AJ9,"P5")*5)+(COUNTIF(F9:AJ9,"P6")*6)+(COUNTIF(F9:AJ9,"P7")*7)+(COUNTIF(F9:AJ9,"P8")*8) -> 0 | AQ9: =AP9/$AQ$3 -> 0 | AR9: =AO9+AQ9 -> 0 | AS9: =IFERROR(AR9*E9, "") -> 0
D10: SG B | E10: =IFERROR(VLOOKUP(D10,'Sheet Tool'!$B$3:$C$15,2,0)/$C$3,"") -> 1006.35 | AK10: =COUNTIF(F10:AJ10,"P*") -> 0 | AL10: =COUNTIF(F10:AJ10,"A") -> 0 | AM10: =COUNTIF(F10:AJ10,"WO") -> 0 | AN10: =COUNTIF(F10:AJ10,"HD") -> 0 | AO10: =AK10+AN10 -> 0 | AP10: =(COUNTIF(F10:AJ10,"P1")*1)+(COUNTIF(F10:AJ10,"P2")*2)+(COUNTIF(F10:AJ10,"P3")*3)+(COUNTIF(F10:AJ10,"P4")*4)+(COUNTIF(F10:AJ10,"P5")*5)+(COUNTIF(F10:AJ10,"P6")*6)+(COUNTIF(F10:AJ10,"P7")*7)+(COUNTIF(F10:AJ10,"P8")*8) -> 0 | AQ10: =AP10/$AQ$3 -> 0 | AR10: =AO10+AQ10 -> 0 | AS10: =IFERROR(AR10*E10, "") -> 0
E11: =IFERROR(VLOOKUP(D11,'Sheet Tool'!$B$3:$C$15,2,0)/$C$3,"") | AK11: =COUNTIF(F11:AJ11,"P*") -> 0 | AL11: =COUNTIF(F11:AJ11,"A") -> 0 | AM11: =COUNTIF(F11:AJ11,"WO") -> 0 | AN11: =COUNTIF(F11:AJ11,"HD") -> 0 | AO11: =AK11+AN11 -> 0 | AP11: =(COUNTIF(F11:AJ11,"P1")*1)+(COUNTIF(F11:AJ11,"P2")*2)+(COUNTIF(F11:AJ11,"P3")*3)+(COUNTIF(F11:AJ11,"P4")*4)+(COUNTIF(F11:AJ11,"P5")*5)+(COUNTIF(F11:AJ11,"P6")*6)+(COUNTIF(F11:AJ11,"P7")*7)+(COUNTIF(F11:AJ11,"P8")*8) -> 0 | AQ11: =AP11/$AQ$3 -> 0 | AR11: =AO11+AQ11 -> 0 | AS11: =IFERROR(AR11*E11, "")
E12: =IFERROR(VLOOKUP(D12,'Sheet Tool'!$B$3:$C$15,2,0)/$C$3,"") | AK12: =COUNTIF(F12:AJ12,"P*") -> 0 | AL12: =COUNTIF(F12:AJ12,"A") -> 0 | AM12: =COUNTIF(F12:AJ12,"WO") -> 0 | AN12: =COUNTIF(F12:AJ12,"HD") -> 0 | AO12: =AK12+AN12 -> 0 | AP12: =(COUNTIF(F12:AJ12,"P1")*1)+(COUNTIF(F12:AJ12,"P2")*2)+(COUNTIF(F12:AJ12,"P3")*3)+(COUNTIF(F12:AJ12,"P4")*4)+(COUNTIF(F12:AJ12,"P5")*5)+(COUNTIF(F12:AJ12,"P6")*6)+(COUNTIF(F12:AJ12,"P7")*7)+(COUNTIF(F12:AJ12,"P8")*8) -> 0 | AQ12: =AP12/$AQ$3 -> 0 | AR12: =AO12+AQ12 -> 0 | AS12: =IFERROR(AR12*E12, "")
E13: =IFERROR(VLOOKUP(D13,'Sheet Tool'!$B$3:$C$15,2,0)/$C$3,"") | AK13: =COUNTIF(F13:AJ13,"P*") -> 0 | AL13: =COUNTIF(F13:AJ13,"A") -> 0 | AM13: =COUNTIF(F13:AJ13,"WO") -> 0 | AN13: =COUNTIF(F13:AJ13,"HD") -> 0 | AO13: =AK13+AN13 -> 0 | AP13: =(COUNTIF(F13:AJ13,"P1")*1)+(COUNTIF(F13:AJ13,"P2")*2)+(COUNTIF(F13:AJ13,"P3")*3)+(COUNTIF(F13:AJ13,"P4")*4)+(COUNTIF(F13:AJ13,"P5")*5)+(COUNTIF(F13:AJ13,"P6")*6)+(COUNTIF(F13:AJ13,"P7")*7)+(COUNTIF(F13:AJ13,"P8")*8) -> 0 | AQ13: =AP13/$AQ$3 -> 0 | AR13: =AO13+AQ13 -> 0 | AS13: =IFERROR(AR13*E13, "")
E14: =IFERROR(VLOOKUP(D14,'Sheet Tool'!$B$3:$C$15,2,0)/$C$3,"") | AK14: =COUNTIF(F14:AJ14,"P*") -> 0 | AL14: =COUNTIF(F14:AJ14,"A") -> 0 | AM14: =COUNTIF(F14:AJ14,"WO") -> 0 | AN14: =COUNTIF(F14:AJ14,"HD") -> 0 | AO14: =AK14+AN14 -> 0 | AP14: =(COUNTIF(F14:AJ14,"P1")*1)+(COUNTIF(F14:AJ14,"P2")*2)+(COUNTIF(F14:AJ14,"P3")*3)+(COUNTIF(F14:AJ14,"P4")*4)+(COUNTIF(F14:AJ14,"P5")*5)+(COUNTIF(F14:AJ14,"P6")*6)+(COUNTIF(F14:AJ14,"P7")*7)+(COUNTIF(F14:AJ14,"P8")*8) -> 0 | AQ14: =AP14/$AQ$3 -> 0 | AR14: =AO14+AQ14 -> 0 | AS14: =IFERROR(AR14*E14, "")
F15: =COUNTIF(F5:F14,"p8")+COUNTIF(F5:F14,"P")+COUNTIF(F5:F14,"P4") -> 0 | G15: =COUNTIF(G5:G14,"p8")+COUNTIF(G5:G14,"P")+COUNTIF(G5:G14,"P4") -> 0 | H15: =COUNTIF(H5:H14,"p8")+COUNTIF(H5:H14,"P")+COUNTIF(H5:H14,"P4") -> 0 | I15: =COUNTIF(I5:I14,"p8")+COUNTIF(I5:I14,"P")+COUNTIF(I5:I14,"P4") -> 0 | J15: =COUNTIF(J5:J14,"p8")+COUNTIF(J5:J14,"P")+COUNTIF(J5:J14,"P4") -> 0 | K15: =COUNTIF(K5:K14,"p8")+COUNTIF(K5:K14,"P")+COUNTIF(K5:K14,"P4") -> 0 | L15: =COUNTIF(L5:L14,"p8")+COUNTIF(L5:L14,"P")+COUNTIF(L5:L14,"P4") -> 0 | M15: =COUNTIF(M5:M14,"p8")+COUNTIF(M5:M14,"P")+COUNTIF(M5:M14,"P4") -> 0 | ... AJ15: =COUNTIF(AJ5:AJ14,"p8")+COUNTIF(AJ5:AJ14,"P")+COUNTIF(AJ5:AJ14,"P4") -> 0 | AK15: =SUM(AK5:AK14) -> 0 | AO15: =SUM(AO5:AO14) -> 0 | AQ15: =SUM(AQ5:AQ14) -> 0 | AR15: =SUM(AR5:AR14) -> 0 | AS15: =SUM(AS5:AS14) -> 0
A17: Designation | B17: Present Days | C17: Head count | D17: Per day | E17: Amount
A18: Supervisor | B18: =IFERROR(VLOOKUP(A18,$D$5:$AT12,41,0), "") -> 0 | C18: =IFERROR(COUNTIF($D$5:$D14,A18), "") -> 1 | D18: =IFERROR(VLOOKUP(A18,'Sheet Tool'!$B$3:$C$20,2,0)/$C$3, "") -> 855.58333 | E18: =IFERROR(D18*B18, "") -> 0
A19: HK | B19: =IFERROR(VLOOKUP(A19,$D$5:$AT13,41,0), "") -> 0 | C19: =IFERROR(COUNTIF($D$5:$D15,A19), "") -> 1 | D19: =IFERROR(VLOOKUP(A19,'Sheet Tool'!$B$3:$C$20,2,0)/$C$3, "") -> 782.21458 | E19: =IFERROR(D19*B19, "") -> 0
A20: CM | B20: =IFERROR(VLOOKUP(A20,$D$5:$AT14,41,0), "") -> 0 | C20: =IFERROR(COUNTIF($D$5:$D16,A20), "") -> 2 | D20: =IFERROR(VLOOKUP(A20,'Sheet Tool'!$B$3:$C$20,2,0)/$C$3, "") -> 782.21458 | E20: =IFERROR(D20*B20, "") -> 0
A21: Pantry Boy | B21: =IFERROR(VLOOKUP(A21,$D$5:$AT15,41,0), "") -> 0 | C21: =IFERROR(COUNTIF($D$5:$D17,A21), "") -> 1 | D21: =IFERROR(VLOOKUP(A21,'Sheet Tool'!$B$3:$C$20,2,0)/$C$3, "") -> 800.04667 | E21: =IFERROR(D21*B21, "") -> 0
A22: SG A | B22: =IFERROR(VLOOKUP(A22,$D$5:$AT16,41,0), "") | C22: =IFERROR(COUNTIF($D$5:$D18,A22), "") -> 0 | D22: =IFERROR(VLOOKUP(A22,'Sheet Tool'!$B$3:$C$20,2,0)/$C$3, "") -> 876.75042 | E22: =IFERROR(D22*B22, "")
A23: SG B | B23: =IFERROR(VLOOKUP(A23,$D$5:$AT17,41,0), "") -> 0 | C23: =IFERROR(COUNTIF($D$5:$D19,A23), "") -> 1 | D23: =IFERROR(VLOOKUP(A23,'Sheet Tool'!$B$3:$C$20,2,0)/$C$3, "") -> 1006.35 | E23: =IFERROR(D23*B23, "") -> 0
A24: Total (A) | B24: =SUM(B18:B21) -> 0 | C24: =SUM(C18:C21) -> 5 | E24: =SUM(E18:E21) -> 0
A25: Managemnt Fee (D) | B25: 0.15 | E25: =E24*B25 -> 0
A26: C+D ( E ) | E26: =E25+E24 -> 0
A27: GST ( F ) | E27: =E26*18% -> 0
A28: Final Amount (E+F) | E28: =E27+E26 -> 0

Sheet Sheet Tool
B2: Designation | C2: Monthly Salary | E2: Category | G2: Company / Location Name | I2: Vendor Name
B3: Supervisor | C3: 20534 | E3: Security Guard Attendance | G3: Villa | I3: Manpower Solution Pvt Ltd
B4: HK | C4: 18773.15 | E4: HouseKeeping Attendance | G4: Viman Nagar | I4: VRC Force Pvt Ltd
B5: CM | C5: 18773.15 | E5: SG & HK Attendance | G5: NovaTex Pvt Ltd
B6: Pantry Boy | C6: 19201.12
B7: SG A | C7: 21042.01
B8: SG B | C8: 24152.4

Sheet Viman Nagar Vs Manpower Feb-26
A1: Company name: | F1: HouseKeeping Attendance | Z1: Vendor name:
A2: Viman Nagar | G2: =F1 & " for the month" -> HouseKeeping Attendance for the month | U2: 46054 | Y2: Manpower Solution Pvt Ltd
A3: DAY | C3: 24 | F3: =IFERROR(TEXT(F4,"ddd"), "") -> Sun | G3: =IFERROR(TEXT(G4,"ddd"), "") -> Mon | H3: =IFERROR(TEXT(H4,"ddd"), "") -> Tue | I3: =IFERROR(TEXT(I4,"ddd"), "") -> Wed | J3: =IFERROR(TEXT(J4,"ddd"), "") -> Thu | K3: =IFERROR(TEXT(K4,"ddd"), "") -> Fri | L3: =IFERROR(TEXT(L4,"ddd"), "") -> Sat | M3: =IFERROR(TEXT(M4,"ddd"), "") -> Sun | ... AJ3: =IFERROR(TEXT(AJ4,"ddd"), "") | AQ3: 8
A4: Sr .No | B4: Vendor Name | C4: Employee Name | D4: Designation | E4: Per Day | F4: =U2 -> 46054 | G4: =IFERROR(IF(MONTH(F4+1)=MONTH(F4), F4+1, ""), "") -> 46055 | H4: =IFERROR(IF(MONTH(G4+1)=MONTH(G4), G4+1, ""), "") -> 46056 | I4: =IFERROR(IF(MONTH(H4+1)=MONTH(H4), H4+1, ""), "") -> 46057 | J4: =IFERROR(IF(MONTH(I4+1)=MONTH(I4), I4+1, ""), "") -> 46058 | K4: =IFERROR(IF(MONTH(J4+1)=MONTH(J4), J4+1, ""), "") -> 46059 | L4: =IFERROR(IF(MONTH(K4+1)=MONTH(K4), K4+1, ""), "") -> 46060 | M4: =IFERROR(IF(MONTH(L4+1)=MONTH(L4), L4+1, ""), "") -> 46061 | N4: =IFERROR(IF(MONTH(M4+1)=MONTH(M4), M4+1, ""), "") -> 46062 | ... AJ4: =IFERROR(IF(MONTH(AI4+1)=MONTH(AI4), AI4+1, ""), "") | AK4: Present | AL4: Absent | AM4: WO | AN4: HD | AO4: Total Day [P+W/O+HD] | AP4: OT Hours | AQ4: OT Days | AR4: Total Working Days | AS4: Total Amount | AT4: Remark
A5: 1 | B5: Manpower Solution Pvt Ltd | D5: HK | E5: =VLOOKUP(D5,'Sheet Tool'!$B$3:$C$15,2,0)/$C$3 -> 782.21458 | F5: WO | G5: P | H5: P | I5: P | J5: P | K5: P | L5: P | M5: WO | N5: P | O5: P | P5: P | Q5: P3 | R5: P | S5: P | T5: WO | U5: P | V5: P | W5: P | X5: P | Y5: P | Z5: P | AA5: WO | AB5: P | AC5: P | AD5: A | AE5: P | AF5: P | AG5: P | AK5: =COUNTIF(F5:AJ5,"P*") -> 23 | AL5: =COUNTIF(F5:AJ5,"A") -> 1 | AM5: =COUNTIF(F5:AJ5,"WO") -> 4 | AN5: =COUNTIF(F5:AJ5,"HD") -> 0 | AO5: =AK5+AN5 -> 23 | AP5: =(COUNTIF(F5:AJ5,"P1")*1)+(COUNTIF(F5:AJ5,"P2")*2)+(COUNTIF(F5:AJ5,"P3")*3)+(COUNTIF(F5:AJ5,"P4")*4)+(COUNTIF(F5:AJ5,"P5")*5)+(COUNTIF(F5:AJ5,"P6")*6)+(COUNTIF(F5:AJ5,"P7")*7)+(COUNTIF(F5:AJ5,"P8")*8) -> 3 | AQ5: =AP5/$AQ$3 -> 0.375 | AR5: =AO5+AQ5 -> 23.375 | AS5: =AR5*E5 -> 18284.266
A6: 2 | B6: Manpower Solution Pvt Ltd | D6: CM | E6: =VLOOKUP(D6,'Sheet Tool'!$B$3:$C$15,2,0)/$C$3 -> 782.21458 | F6: WO | G6: P | H6: P | I6: P | J6: P | K6: P | L6: P | M6: WO | N6: P | O6: P | P6: P | Q6: P | R6: P | S6: P | T6: WO | U6: P | V6: P | W6: A | X6: P | Y6: P | Z6: P | AA6: WO | AB6: P | AC6: P | AD6: P | AE6: P | AF6: P | AG6: P | AK6: =COUNTIF(F6:AJ6,"P*") -> 23 | AL6: =COUNTIF(F6:AJ6,"A") -> 1 | AM6: =COUNTIF(F6:AJ6,"WO") -> 4 | AN6: =COUNTIF(F6:AJ6,"HD") -> 0 | AO6: =AK6+AN6 -> 23 | AP6: =(COUNTIF(F6:AJ6,"P1")*1)+(COUNTIF(F6:AJ6,"P2")*2)+(COUNTIF(F6:AJ6,"P3")*3)+(COUNTIF(F6:AJ6,"P4")*4)+(COUNTIF(F6:AJ6,"P5")*5)+(COUNTIF(F6:AJ6,"P6")*6)+(COUNTIF(F6:AJ6,"P7")*7)+(COUNTIF(F6:AJ6,"P8")*8) -> 0 | AQ6: =AP6/$AQ$3 -> 0 | AR6: =AO6+AQ6 -> 23 | AS6: =AR6*E6 -> 17990.935
A7: 3 | B7: Manpower Solution Pvt Ltd | D7: CM | E7: =VLOOKUP(D7,'Sheet Tool'!$B$3:$C$15,2,0)/$C$3 -> 782.21458 | F7: WO | G7: P | H7: P | I7: P | J7: P8 | K7: P | L7: P | M7: WO | N7: P | O7: P | P7: P | Q7: P7 | R7: A | S7: P | T7: WO | U7: P | V7: P | W7: P | X7: P | Y7: P | Z7: P | AA7: WO | AB7: P | AC7: P | AD7: P3 | AE7: P | AF7: P | AG7: P | AK7: =COUNTIF(F7:AJ7,"P*") -> 23 | AL7: =COUNTIF(F7:AJ7,"A") -> 1 | AM7: =COUNTIF(F7:AJ7,"WO") -> 4 | AN7: =COUNTIF(F7:AJ7,"HD") -> 0 | AO7: =AK7+AN7 -> 23 | AP7: =(COUNTIF(F7:AJ7,"P1")*1)+(COUNTIF(F7:AJ7,"P2")*2)+(COUNTIF(F7:AJ7,"P3")*3)+(COUNTIF(F7:AJ7,"P4")*4)+(COUNTIF(F7:AJ7,"P5")*5)+(COUNTIF(F7:AJ7,"P6")*6)+(COUNTIF(F7:AJ7,"P7")*7)+(COUNTIF(F7:AJ7,"P8")*8) -> 18 | AQ7: =AP7/$AQ$3 -> 2.25 | AR7: =AO7+AQ7 -> 25.25 | AS7: =AR7*E7 -> 19750.918
A8: 4 | B8: Manpower Solution Pvt Ltd | D8: Pantry Boy | E8: =VLOOKUP(D8,'Sheet Tool'!$B$3:$C$15,2,0)/$C$3 -> 800.04667 | F8: WO | G8: P | H8: P | I8: P | J8: P | K8: P | L8: P | M8: WO | N8: P | O8: P | P8: P4 | Q8: P | R8: P | S8: P | T8: WO | U8: P | V8: P | W8: P | X8: P | Y8: P | Z8: P | AA8: WO | AB8: P | AC8: P | AD8: P | AE8: P | AF8: P | AG8: P | AK8: =COUNTIF(F8:AJ8,"P*") -> 24 | AL8: =COUNTIF(F8:AJ8,"A") -> 0 | AM8: =COUNTIF(F8:AJ8,"WO") -> 4 | AN8: =COUNTIF(F8:AJ8,"HD") -> 0 | AO8: =AK8+AN8 -> 24 | AP8: =(COUNTIF(F8:AJ8,"P1")*1)+(COUNTIF(F8:AJ8,"P2")*2)+(COUNTIF(F8:AJ8,"P3")*3)+(COUNTIF(F8:AJ8,"P4")*4)+(COUNTIF(F8:AJ8,"P5")*5)+(COUNTIF(F8:AJ8,"P6")*6)+(COUNTIF(F8:AJ8,"P7")*7)+(COUNTIF(F8:AJ8,"P8")*8) -> 4 | AQ8: =AP8/$AQ$3 -> 0.5 | AR8: =AO8+AQ8 -> 24.5 | AS8: =AR8*E8 -> 19601.143
A9: 5 | B9: Manpower Solution Pvt Ltd | D9: Supervisor | E9: =VLOOKUP(D9,'Sheet Tool'!$B$3:$C$15,2,0)/$C$3 -> 855.58333 | F9: WO | G9: P | H9: P | I9: P | J9: P | K9: P | L9: P | M9: WO | N9: P | O9: P | P9: P | Q9: P | R9: P | S9: P | T9: WO | U9: P | V9: P | W9: P | X9: P | Y9: P | Z9: P | AA9: WO | AB9: P | AC9: P | AD9: P | AE9: P | AF9: P | AG9: P | AK9: =COUNTIF(F9:AJ9,"P*") -> 24 | AL9: =COUNTIF(F9:AJ9,"A") -> 0 | AM9: =COUNTIF(F9:AJ9,"WO") -> 4 | AN9: =COUNTIF(F9:AJ9,"HD") -> 0 | AO9: =AK9+AN9 -> 24 | AP9: =(COUNTIF(F9:AJ9,"P1")*1)+(COUNTIF(F9:AJ9,"P2")*2)+(COUNTIF(F9:AJ9,"P3")*3)+(COUNTIF(F9:AJ9,"P4")*4)+(COUNTIF(F9:AJ9,"P5")*5)+(COUNTIF(F9:AJ9,"P6")*6)+(COUNTIF(F9:AJ9,"P7")*7)+(COUNTIF(F9:AJ9,"P8")*8) -> 0 | AQ9: =AP9/$AQ$3 -> 0 | AR9: =AO9+AQ9 -> 24 | AS9: =AR9*E9 -> 20534
AK10: =COUNTIF(F10:AJ10,"P*") -> 0 | AL10: =COUNTIF(F10:AJ10,"A") -> 0 | AM10: =COUNTIF(F10:AJ10,"WO") -> 0 | AN10: =COUNTIF(F10:AJ10,"HD") -> 0 | AO10: =AK10+AN10 -> 0 | AP10: =(COUNTIF(F10:AJ10,"P1")*1)+(COUNTIF(F10:AJ10,"P2")*2)+(COUNTIF(F10:AJ10,"P3")*3)+(COUNTIF(F10:AJ10,"P4")*4)+(COUNTIF(F10:AJ10,"P5")*5)+(COUNTIF(F10:AJ10,"P6")*6)+(COUNTIF(F10:AJ10,"P7")*7)+(COUNTIF(F10:AJ10,"P8")*8) -> 0 | AQ10: =AP10/$AQ$3 -> 0 | AR10: =AO10+AQ10 -> 0 | AS10: =AR10*E10 -> 0
F11: =COUNTIF(F5:F10,"p8")+COUNTIF(F5:F10,"P")+COUNTIF(F5:F10,"P4") -> 0 | G11: =COUNTIF(G5:G10,"p8")+COUNTIF(G5:G10,"P")+COUNTIF(G5:G10,"P4") -> 5 | H11: =COUNTIF(H5:H10,"p8")+COUNTIF(H5:H10,"P")+COUNTIF(H5:H10,"P4") -> 5 | I11: =COUNTIF(I5:I10,"p8")+COUNTIF(I5:I10,"P")+COUNTIF(I5:I10,"P4") -> 5 | J11: =COUNTIF(J5:J10,"p8")+COUNTIF(J5:J10,"P")+COUNTIF(J5:J10,"P4") -> 5 | K11: =COUNTIF(K5:K10,"p8")+COUNTIF(K5:K10,"P")+COUNTIF(K5:K10,"P4") -> 5 | L11: =COUNTIF(L5:L10,"p8")+COUNTIF(L5:L10,"P")+COUNTIF(L5:L10,"P4") -> 5 | M11: =COUNTIF(M5:M10,"p8")+COUNTIF(M5:M10,"P")+COUNTIF(M5:M10,"P4") -> 0 | ... AJ11: =COUNTIF(AJ5:AJ10,"p8")+COUNTIF(AJ5:AJ10,"P")+COUNTIF(AJ5:AJ10,"P4") -> 0 | AK11: =SUM(AK5:AK10) -> 117 | AO11: =SUM(AO5:AO10) -> 117 | AQ11: =SUM(AQ5:AQ10) -> 3.125 | AR11: =SUM(AR5:AR10) -> 120.125 | AS11: =SUM(AS5:AS10) -> 96161.263
A13: Designation | B13: Present Days | C13: Head count | D13: Per day | E13: Amount
A14: Supervisor | B14: =IFERROR(VLOOKUP(A14,$D$5:$AT10,41,0), "") -> 24 | C14: 0 | D14: =IFERROR(VLOOKUP(A14,'Sheet Tool'!$B$3:$C$20,2,0)/$C$3, "") -> 855.58333 | E14: =IFERROR(D14*B14, "") -> 20534
A15: HK | B15: =IFERROR(VLOOKUP(A15,$D$5:$AT11,41,0), "") -> 23.375 | C15: =COUNTIF(D5:D10,A15) -> 1 | D15: =IFERROR(VLOOKUP(A15,'Sheet Tool'!$B$3:$C$20,2,0)/$C$3, "") -> 782.21458 | E15: =IFERROR(D15*B15, "") -> 18284.266
A16: CM | B16: =IFERROR(VLOOKUP(A16,$D$5:$AT12,41,0), "") -> 23 | C16: =COUNTIF(D6:D11,A16) -> 2 | D16: =IFERROR(VLOOKUP(A16,'Sheet Tool'!$B$3:$C$20,2,0)/$C$3, "") -> 782.21458 | E16: =IFERROR(D16*B16, "") -> 17990.935
A17: Pantry Boy | B17: =IFERROR(VLOOKUP(A17,$D$5:$AT13,41,0), "") -> 24.5 | C17: =COUNTIF(E7:E12,A17) -> 0 | D17: =IFERROR(VLOOKUP(A17,'Sheet Tool'!$B$3:$C$20,2,0)/$C$3, "") -> 800.04667 | E17: =IFERROR(D17*B17, "") -> 19601.143
A18: Total (A) | B18: =SUM(B14:B17) -> 94.875 | C18: =SUM(C14:C17) -> 3 | E18: =SUM(E14:E17) -> 76410.345
A19: Managemnt Fee (D) | B19: 0.15 | E19: =E18*B19 -> 11461.552
A20: C+D ( E ) | E20: =E19+E18 -> 87871.896
A21: GST ( F ) | E21: =E20*18% -> 15816.941
A22: Final Amount (E+F) | E22: =E21+E20 -> 103688.84
